synthetic_seed,identity_condition,outer_fold,selected_lambda,full_task_balanced_accuracy,standard_task_balanced_accuracy,identity_task_balanced_accuracy,full_identity_accuracy,standard_identity_accuracy,identity_identity_accuracy,standard_retained_percentage,identity_retained_percentage
43,weak,1,2.0,1.0,1.0,1.0,1.0,0.8375,0.55,0.05,0.125
43,weak,2,2.0,1.0,1.0,1.0,0.95,0.6875,0.775,0.05,0.245
43,weak,3,2.0,1.0,1.0,1.0,0.9875,0.7625,0.6625,0.05,0.26
43,weak,4,1.0,1.0,1.0,1.0,0.9625,0.75,0.6,0.05,0.075
43,weak,5,0.5,1.0,1.0,1.0,0.9875,0.8,0.6875,0.05,0.05
43,medium,1,2.0,1.0,1.0,0.975,1.0,1.0,0.5875,0.05,0.145
43,medium,2,0.5,1.0,0.9875,1.0,1.0,0.95,0.825,0.05,0.05
43,medium,3,1.0,1.0,0.975,1.0,1.0,1.0,0.65,0.05,0.1
43,medium,4,1.0,1.0,1.0,1.0,1.0,1.0,0.9875,0.05,0.455
43,medium,5,1.0,1.0,1.0,1.0,1.0,0.9625,0.6,0.05,0.125
43,strong,1,2.0,1.0,1.0,0.7875000000000001,1.0,1.0,0.6875,3.945,0.245
43,strong,2,1.0,1.0,0.9625,1.0,1.0,1.0,0.7,1.15,0.16
43,strong,3,0.0,0.25,0.75,0.75,1.0,1.0,1.0,1.345,1.345
43,strong,4,2.0,0.5,1.0,0.8500000000000001,1.0,1.0,0.85,0.06999999999999999,0.315
43,strong,5,0.0,0.75,0.975,0.975,1.0,1.0,1.0,3.055,3.055
44,weak,1,0.0,1.0,1.0,1.0,1.0,0.825,0.825,0.05,0.05
44,weak,2,1.0,1.0,1.0,1.0,1.0,0.675,0.4875,0.05,0.075
44,weak,3,1.0,1.0,1.0,1.0,0.9875,0.4375,0.55,0.05,0.05
44,weak,4,0.5,1.0,1.0,1.0,0.9875,0.7125,0.575,0.05,0.05
44,weak,5,1.0,1.0,1.0,1.0,0.975,0.625,0.6,0.05,0.065
44,medium,1,1.0,1.0,1.0,1.0,1.0,1.0,0.875,0.53,0.19
44,medium,2,1.0,1.0,0.9375,0.9624999999999999,1.0,1.0,0.9375,0.16,0.16
44,medium,3,0.5,1.0,1.0,1.0,1.0,1.0,0.8625,0.335,0.08
44,medium,4,1.0,1.0,1.0,0.9875,1.0,1.0,0.8625,0.075,0.13
44,medium,5,0.5,1.0,1.0,1.0,1.0,0.9875,1.0,0.06,0.05
44,strong,1,1.0,0.75,0.8125,0.975,1.0,1.0,0.7125,0.935,0.16
44,strong,2,1.0,0.5125,0.5125,0.9875,1.0,1.0,0.5375,63.019999999999996,0.09
44,strong,3,1.0,0.825,0.825,0.925,1.0,1.0,1.0,0.7250000000000001,0.245
44,strong,4,1.0,0.75,0.75,1.0,1.0,1.0,0.7625,0.28500000000000003,0.13
44,strong,5,1.0,1.0,1.0,0.9875,1.0,1.0,0.9875,0.26,0.245
45,weak,1,1.0,1.0,1.0,0.975,0.9875,0.575,0.4875,0.05,0.055
45,weak,2,1.0,1.0,1.0,1.0,1.0,0.875,0.725,0.05,0.05
45,weak,3,2.0,1.0,1.0,1.0,0.95,0.525,0.5625,0.05,0.155
45,weak,4,0.5,1.0,1.0,1.0,1.0,0.7,0.75,0.05,0.05
45,weak,5,2.0,1.0,1.0,0.9375,0.975,0.6875,0.45,0.05,0.065
45,medium,1,1.0,1.0,0.975,1.0,1.0,1.0,0.55,0.05,0.075
45,medium,2,1.0,1.0,0.9625,0.975,1.0,1.0,0.775,0.05,0.06
45,medium,3,0.0,1.0,1.0,1.0,1.0,1.0,1.0,0.06,0.06
45,medium,4,1.0,1.0,1.0,1.0,1.0,1.0,0.9,0.8049999999999999,0.23500000000000001
45,medium,5,2.0,1.0,1.0,0.8625,1.0,1.0,0.5125,0.05,0.095
45,strong,1,1.0,0.75,0.825,0.9375,1.0,1.0,0.875,0.41000000000000003,0.05
45,strong,2,1.0,0.75,0.75,0.875,1.0,1.0,1.0,0.26,0.43499999999999994
45,strong,3,1.0,1.0,0.9875,1.0,1.0,1.0,0.75,0.095,0.16
45,strong,4,0.5,1.0,1.0,0.875,1.0,1.0,1.0,1.415,0.655
45,strong,5,2.0,0.75,0.9,0.8125,1.0,1.0,0.975,0.59,0.505
46,weak,1,0.5,1.0,1.0,1.0,0.9875,0.6125,0.8,0.05,0.05
46,weak,2,5.0,1.0,1.0,0.975,1.0,0.8125,0.525,0.05,0.23500000000000001
46,weak,3,0.5,1.0,1.0,1.0,0.975,0.7625,0.7375,0.05,0.05
46,weak,4,0.0,1.0,1.0,1.0,1.0,0.6375,0.6375,0.05,0.05
46,weak,5,0.5,1.0,1.0,1.0,0.9875,0.725,0.5625,0.05,0.05
46,medium,1,1.0,1.0,1.0,0.9875,1.0,1.0,0.775,0.05,0.055
46,medium,2,1.0,1.0,1.0,0.975,1.0,1.0,0.6875,0.055,0.055
46,medium,3,0.5,1.0,1.0,1.0,1.0,1.0,0.9875,0.12,0.08499999999999999
46,medium,4,1.0,1.0,0.75,0.9875,1.0,1.0,0.7875,0.06999999999999999,0.055
46,medium,5,1.0,1.0,1.0,1.0,1.0,0.9625,0.7375,0.05,0.18
46,strong,1,0.0,0.725,0.7375,0.7375,1.0,1.0,1.0,1.345,1.345
46,strong,2,2.0,0.75,0.8500000000000001,0.95,1.0,1.0,0.725,0.53,0.21
46,strong,3,2.0,0.25,0.575,0.8,1.0,1.0,0.775,0.05,0.16999999999999998
46,strong,4,1.0,0.5625,0.9375,0.9875,1.0,1.0,0.925,1.15,0.335
46,strong,5,1.0,0.275,0.75,0.925,1.0,1.0,0.7,0.59,0.065
47,weak,1,2.0,1.0,1.0,1.0,1.0,0.6,0.6125,0.05,0.18
47,weak,2,1.0,1.0,1.0,1.0,0.9375,0.5375,0.6,0.05,0.075
47,weak,3,0.5,1.0,1.0,1.0,1.0,0.525,0.5625,0.05,0.05
47,weak,4,5.0,1.0,1.0,0.9875,1.0,0.7,0.5,0.05,0.455
47,weak,5,0.5,1.0,1.0,1.0,0.9875,0.6125,0.65,0.05,0.05
47,medium,1,1.0,1.0,1.0,0.9625,1.0,0.9125,0.7125,0.05,0.05
47,medium,2,0.5,1.0,1.0,1.0,1.0,0.9125,0.975,0.05,0.055
47,medium,3,0.5,1.0,1.0,1.0,1.0,1.0,0.8875,1.49,0.06
47,medium,4,0.5,1.0,1.0,0.95,1.0,1.0,0.9875,0.12,0.05
47,medium,5,0.0,1.0,1.0,1.0,1.0,1.0,1.0,0.105,0.105
47,strong,1,1.0,0.75,1.0,0.925,1.0,1.0,0.65,1.15,0.075
47,strong,2,0.0,0.75,0.75,0.75,1.0,1.0,1.0,0.08,0.08
47,strong,3,1.0,1.0,1.0,1.0,1.0,1.0,0.7,0.845,0.055
47,strong,4,0.5,0.75,0.75,0.7625,1.0,1.0,1.0,2.245,0.05
47,strong,5,5.0,0.75,0.7875,1.0,1.0,1.0,1.0,4.605,46.325
