synthetic_seed,identity_condition,full_task_mean,standard_task_mean,identity_task_mean,full_identity_mean,standard_identity_mean,identity_identity_mean,standard_retained_mean,identity_retained_mean
43,weak,1.0,1.0,1.0,0.9775,0.7674999999999998,0.655,0.05,0.151
43,medium,1.0,0.9925,0.9949999999999999,1.0,0.9825000000000002,0.73,0.05,0.175
43,strong,0.7,0.9375,0.8724999999999999,1.0,1.0,0.8475000000000001,1.9129999999999998,1.024
44,weak,1.0,1.0,1.0,0.9899999999999999,0.655,0.6075,0.05,0.057999999999999996
44,medium,1.0,0.9875,0.99,1.0,0.9974999999999999,0.9075,0.23200000000000004,0.12200000000000003
44,strong,0.7675,0.78,0.975,1.0,1.0,0.8,13.044999999999998,0.174
45,weak,1.0,1.0,0.9824999999999999,0.9824999999999999,0.6725,0.595,0.05,0.075
45,medium,1.0,0.9875,0.9675,1.0,1.0,0.7474999999999999,0.20299999999999999,0.10500000000000001
45,strong,0.85,0.8925000000000001,0.9,1.0,1.0,0.9199999999999999,0.554,0.36099999999999993
46,weak,1.0,1.0,0.9949999999999999,0.99,0.7100000000000001,0.6525000000000001,0.05,0.087
46,medium,1.0,0.95,0.99,1.0,0.9925,0.7950000000000002,0.06899999999999999,0.086
46,strong,0.5125,0.77,0.8799999999999999,1.0,1.0,0.825,0.733,0.425
47,weak,1.0,1.0,0.9974999999999999,0.985,0.595,0.585,0.05,0.162
47,medium,1.0,1.0,0.9824999999999999,1.0,0.9650000000000001,0.9125,0.363,0.064
47,strong,0.8,0.8574999999999999,0.8875,1.0,1.0,0.8699999999999999,1.7850000000000001,9.317
