outer_fold,lambda,selected_step,validation_subject_balanced_accuracy,validation_window_accuracy,validation_identity_accuracy,retained_percentage,retained_feature_count,eligible,selected
1,0.0,143,0.9166666666666667,0.8307692307692308,0.8435897435897436,0.055,11,True,False
1,0.5,139,0.8452380952380952,0.7794871794871795,0.5820512820512821,0.075,15,False,False
1,1.0,119,0.8452380952380952,0.7256410256410256,0.2076923076923077,0.22,44,False,False
1,2.0,85,0.9166666666666667,0.6282051282051282,0.11282051282051282,1.275,255,True,True
1,5.0,64,0.9166666666666667,0.6256410256410256,0.1717948717948718,3.75,750,True,False
2,0.0,138,0.9166666666666667,0.7384615384615385,0.8025641025641026,0.08,16,True,False
2,0.5,98,0.9166666666666667,0.7102564102564103,0.49743589743589745,0.655,131,True,False
2,1.0,53,0.9166666666666667,0.7,0.4128205128205128,6.595,1319,True,False
2,2.0,66,0.9166666666666667,0.6794871794871795,0.2717948717948718,3.385,677,True,True
2,5.0,6,0.9166666666666667,0.7487179487179487,0.38974358974358975,73.505,14701,True,False
3,0.0,120,0.7738095238095238,0.7410256410256411,0.9692307692307692,0.21,42,False,False
3,0.5,140,0.8452380952380952,0.7512820512820513,0.8384615384615385,0.06999999999999999,14,True,False
3,1.0,144,0.8452380952380952,0.735897435897436,0.3153846153846154,0.05,10,True,False
3,2.0,118,0.8452380952380952,0.6128205128205129,0.23846153846153847,0.23500000000000001,47,True,True
3,5.0,106,0.8452380952380952,0.6666666666666666,0.2692307692307692,0.43499999999999994,87,True,False
4,0.0,128,0.8571428571428572,0.7025641025641025,0.882051282051282,0.13999999999999999,28,True,False
4,0.5,112,0.7857142857142857,0.6487179487179487,0.7256410256410256,0.315,63,False,False
4,1.0,110,0.8571428571428572,0.6461538461538462,0.2794871794871795,0.35000000000000003,70,True,True
4,2.0,49,0.7738095238095238,0.6230769230769231,0.3717948717948718,8.094999999999999,1619,False,False
4,5.0,52,0.7738095238095238,0.6102564102564103,0.37948717948717947,6.94,1388,False,False
5,0.0,114,1.0,0.9076923076923077,0.9564102564102565,0.28500000000000003,57,True,True
5,0.5,126,0.9,0.8692307692307693,0.8564102564102564,0.155,31,False,False
5,1.0,113,0.9,0.8025641025641026,0.48205128205128206,0.3,60,False,False
5,2.0,56,0.9,0.764102564102564,0.4128205128205128,5.655,1131,False,False
5,5.0,1,0.9,0.8102564102564103,0.5461538461538461,95.0,19000,False,False
