outer_fold,subject,true_label,predicted_label,mean_decision_score
1,sub-013,1,1,0.49905022978782654
1,sub-014,1,1,0.6492241621017456
1,sub-018,1,1,0.6480505466461182
1,sub-020,1,1,0.3801802396774292
1,sub-022,1,1,0.6037310361862183
1,sub-024,1,1,0.8885284066200256
1,sub-032,1,1,0.40036913752555847
1,sub-034,1,1,0.33311712741851807
1,sub-039,0,0,-0.13100092113018036
1,sub-049,0,0,-0.9513988494873047
1,sub-053,0,0,-0.07852746546268463
1,sub-059,0,1,0.2648155093193054
1,sub-060,0,0,-0.14339031279087067
2,sub-002,1,1,0.13929085433483124
2,sub-008,1,1,0.8679165244102478
2,sub-009,1,1,0.3227587342262268
2,sub-011,1,0,-0.10234775394201279
2,sub-019,1,1,0.5001512169837952
2,sub-028,1,1,0.7499139904975891
2,sub-035,1,1,0.6059465408325195
2,sub-037,0,0,-0.3217777609825134
2,sub-038,0,0,-0.06739619374275208
2,sub-041,0,0,-0.7450000643730164
2,sub-048,0,0,-0.27038654685020447
2,sub-056,0,1,0.14517822861671448
2,sub-057,0,0,-0.4381503462791443
3,sub-005,1,1,0.2842642664909363
3,sub-007,1,1,0.8404959440231323
3,sub-010,1,1,0.19631226360797882
3,sub-016,1,1,0.722512423992157
3,sub-017,1,1,0.9884269833564758
3,sub-030,1,1,0.48028963804244995
3,sub-033,1,1,0.3434722125530243
3,sub-043,0,1,0.09544367343187332
3,sub-044,0,0,-0.5805661678314209
3,sub-047,0,0,-0.34578371047973633
3,sub-050,0,0,-0.047256533056497574
3,sub-063,0,0,-0.022609321400523186
3,sub-065,0,0,-0.10219738632440567
4,sub-003,1,1,0.5243443846702576
4,sub-021,1,0,-0.2208918184041977
4,sub-026,1,1,0.7415030598640442
4,sub-027,1,1,1.5912458896636963
4,sub-029,1,1,1.0591418743133545
4,sub-031,1,0,-0.23740243911743164
4,sub-036,1,0,-0.13264481723308563
4,sub-042,0,0,-0.7305551767349243
4,sub-054,0,0,-0.07560542970895767
4,sub-055,0,0,-0.8734476566314697
4,sub-061,0,0,-0.005362856201827526
4,sub-062,0,0,-0.28540679812431335
4,sub-064,0,0,-1.2149063348770142
5,sub-001,1,1,0.39607053995132446
5,sub-004,1,1,1.0969473123550415
5,sub-006,1,0,-0.26877039670944214
5,sub-012,1,0,-0.0026662845630198717
5,sub-015,1,1,0.003353546606376767
5,sub-023,1,1,0.2270122915506363
5,sub-025,1,0,-0.7633483409881592
5,sub-040,0,0,-0.6075064539909363
5,sub-045,0,1,0.10158038139343262
5,sub-046,0,0,-0.4112167954444885
5,sub-051,0,0,-0.2293289750814438
5,sub-052,0,0,-0.3330567479133606
5,sub-058,0,0,-0.16390745341777802
