outer_fold,method,subject,true_label,predicted_label,mean_decision_score
1,standard_sfd,sub-013,1,1,0.8159001469612122
1,standard_sfd,sub-014,1,1,0.6688693761825562
1,standard_sfd,sub-018,1,1,0.7535523176193237
1,standard_sfd,sub-020,1,1,0.44000324606895447
1,standard_sfd,sub-022,1,1,0.7790365815162659
1,standard_sfd,sub-024,1,1,1.0992645025253296
1,standard_sfd,sub-032,1,1,0.4101918637752533
1,standard_sfd,sub-034,1,1,0.354721337556839
1,standard_sfd,sub-039,0,0,-0.2255271077156067
1,standard_sfd,sub-049,0,0,-1.2126415967941284
1,standard_sfd,sub-053,0,1,0.20666535198688507
1,standard_sfd,sub-059,0,1,0.23087865114212036
1,standard_sfd,sub-060,0,0,-0.32561731338500977
2,standard_sfd,sub-002,1,1,0.24407343566417694
2,standard_sfd,sub-008,1,1,1.0740207433700562
2,standard_sfd,sub-009,1,1,0.16942767798900604
2,standard_sfd,sub-011,1,0,-0.1276462972164154
2,standard_sfd,sub-019,1,1,0.5465573668479919
2,standard_sfd,sub-028,1,1,0.9998413920402527
2,standard_sfd,sub-035,1,1,0.8696283102035522
2,standard_sfd,sub-037,0,0,-0.2536439597606659
2,standard_sfd,sub-038,0,0,-0.2240632027387619
2,standard_sfd,sub-041,0,0,-0.8485938310623169
2,standard_sfd,sub-048,0,0,-0.33501821756362915
2,standard_sfd,sub-056,0,0,-0.18186625838279724
2,standard_sfd,sub-057,0,0,-0.23773498833179474
3,standard_sfd,sub-005,1,1,0.2794091999530792
3,standard_sfd,sub-007,1,1,0.8076568841934204
3,standard_sfd,sub-010,1,1,0.1041206493973732
3,standard_sfd,sub-016,1,1,0.5792032480239868
3,standard_sfd,sub-017,1,1,1.3506404161453247
3,standard_sfd,sub-030,1,1,0.4648084342479706
3,standard_sfd,sub-033,1,1,0.4602014422416687
3,standard_sfd,sub-043,0,0,-0.08750505745410919
3,standard_sfd,sub-044,0,0,-0.5183814764022827
3,standard_sfd,sub-047,0,0,-0.3712652623653412
3,standard_sfd,sub-050,0,1,0.06805596500635147
3,standard_sfd,sub-063,0,0,-0.11314817517995834
3,standard_sfd,sub-065,0,0,-0.07107021659612656
4,standard_sfd,sub-003,1,1,0.31866803765296936
4,standard_sfd,sub-021,1,1,0.23724590241909027
4,standard_sfd,sub-026,1,1,0.9340537786483765
4,standard_sfd,sub-027,1,1,1.616126298904419
4,standard_sfd,sub-029,1,1,1.2653248310089111
4,standard_sfd,sub-031,1,0,-0.3175717890262604
4,standard_sfd,sub-036,1,0,-0.2109559327363968
4,standard_sfd,sub-042,0,0,-1.0884764194488525
4,standard_sfd,sub-054,0,0,-0.5641792416572571
4,standard_sfd,sub-055,0,0,-0.9440433979034424
4,standard_sfd,sub-061,0,0,-0.058317337185144424
4,standard_sfd,sub-062,0,0,-0.020529525354504585
4,standard_sfd,sub-064,0,0,-1.3698747158050537
5,standard_sfd,sub-001,1,1,0.10346195101737976
5,standard_sfd,sub-004,1,1,1.82046639919281
5,standard_sfd,sub-006,1,0,-0.5850095748901367
5,standard_sfd,sub-012,1,0,-0.016110306605696678
5,standard_sfd,sub-015,1,1,0.20907168090343475
5,standard_sfd,sub-023,1,0,-0.058397337794303894
5,standard_sfd,sub-025,1,0,-0.8888967037200928
5,standard_sfd,sub-040,0,0,-0.6081939339637756
5,standard_sfd,sub-045,0,0,-0.16318535804748535
5,standard_sfd,sub-046,0,0,-0.5168574452400208
5,standard_sfd,sub-051,0,0,-0.14172500371932983
5,standard_sfd,sub-052,0,0,-0.4140304923057556
5,standard_sfd,sub-058,0,0,-0.309517502784729
1,identity_sfd,sub-013,1,1,0.4380761981010437
1,identity_sfd,sub-014,1,1,0.5250125527381897
1,identity_sfd,sub-018,1,1,0.45256325602531433
1,identity_sfd,sub-020,1,1,0.22548572719097137
1,identity_sfd,sub-022,1,1,0.5812124609947205
1,identity_sfd,sub-024,1,1,0.5013285875320435
1,identity_sfd,sub-032,1,1,0.1941361129283905
1,identity_sfd,sub-034,1,1,0.3537755310535431
1,identity_sfd,sub-039,0,0,-0.18021583557128906
1,identity_sfd,sub-049,0,0,-0.9211690425872803
1,identity_sfd,sub-053,0,0,-0.08217079192399979
1,identity_sfd,sub-059,0,1,0.2959427535533905
1,identity_sfd,sub-060,0,1,0.32203108072280884
2,identity_sfd,sub-002,1,1,0.043166596442461014
2,identity_sfd,sub-008,1,1,0.7978135943412781
2,identity_sfd,sub-009,1,1,0.03429267928004265
2,identity_sfd,sub-011,1,1,0.06675568968057632
2,identity_sfd,sub-019,1,1,0.3431740403175354
2,identity_sfd,sub-028,1,1,0.5816823840141296
2,identity_sfd,sub-035,1,1,0.6913244724273682
2,identity_sfd,sub-037,0,0,-0.2991713583469391
2,identity_sfd,sub-038,0,0,-0.06937602907419205
2,identity_sfd,sub-041,0,0,-0.37566226720809937
2,identity_sfd,sub-048,0,0,-0.2988024353981018
2,identity_sfd,sub-056,0,1,0.204483762383461
2,identity_sfd,sub-057,0,0,-0.39041373133659363
3,identity_sfd,sub-005,1,1,0.09276237338781357
3,identity_sfd,sub-007,1,1,0.22310636937618256
3,identity_sfd,sub-010,1,0,-0.016073403880000114
3,identity_sfd,sub-016,1,1,0.23095206916332245
3,identity_sfd,sub-017,1,1,0.14448724687099457
3,identity_sfd,sub-030,1,1,0.1366014927625656
3,identity_sfd,sub-033,1,1,0.07858192920684814
3,identity_sfd,sub-043,0,1,0.15004491806030273
3,identity_sfd,sub-044,0,1,0.02096381038427353
3,identity_sfd,sub-047,0,1,0.11626007407903671
3,identity_sfd,sub-050,0,1,0.024026377126574516
3,identity_sfd,sub-063,0,1,0.21680419147014618
3,identity_sfd,sub-065,0,1,0.15570925176143646
4,identity_sfd,sub-003,1,1,0.196986123919487
4,identity_sfd,sub-021,1,0,-0.26922905445098877
4,identity_sfd,sub-026,1,1,0.2733467221260071
4,identity_sfd,sub-027,1,1,1.0126110315322876
4,identity_sfd,sub-029,1,1,0.8592210412025452
4,identity_sfd,sub-031,1,0,-0.16222575306892395
4,identity_sfd,sub-036,1,1,0.12001677602529526
4,identity_sfd,sub-042,0,0,-0.7036663889884949
4,identity_sfd,sub-054,0,1,0.38640543818473816
4,identity_sfd,sub-055,0,0,-0.9196411371231079
4,identity_sfd,sub-061,0,0,-0.14550110697746277
4,identity_sfd,sub-062,0,0,-0.4335666298866272
4,identity_sfd,sub-064,0,0,-0.814416229724884
5,identity_sfd,sub-001,1,1,0.10346195101737976
5,identity_sfd,sub-004,1,1,1.82046639919281
5,identity_sfd,sub-006,1,0,-0.5850095748901367
5,identity_sfd,sub-012,1,0,-0.016110306605696678
5,identity_sfd,sub-015,1,1,0.20907168090343475
5,identity_sfd,sub-023,1,0,-0.058397337794303894
5,identity_sfd,sub-025,1,0,-0.8888967037200928
5,identity_sfd,sub-040,0,0,-0.6081939339637756
5,identity_sfd,sub-045,0,0,-0.16318535804748535
5,identity_sfd,sub-046,0,0,-0.5168574452400208
5,identity_sfd,sub-051,0,0,-0.14172500371932983
5,identity_sfd,sub-052,0,0,-0.4140304923057556
5,identity_sfd,sub-058,0,0,-0.309517502784729
